Workbook
Name DateDebutProjet: Planification_projet!$E$3
Name week: Planification_projet!$T$4

Sheet Planification_projet
B1: Planification Projet
B2: Titre du Projet | E2: TBD
B3: Date Démarrage Projet | E3: 45916 | N3: Date Mise à Jour | T3: 45916
B4: Stagiaire | E4: TBD | N4: Semaine Projet | T4: 1
B5: Date Début | D5: 45916 | E5: Moyenne Avancement | J5: =AVERAGE(L11,L22,L29) -> 0
B6: Date Fin calculée | E6: Date Fin estimée | J6: =D5+J5*(D6-D5) -> 45916
B8: Numéro | C8: Type | D8: Titre de la Tâche | E8: Responsable Tâche | F8: Approbateur Tâche | G8: Contributeur Tâche | H8: Informé Tâche | I8: Date Début | J8: Durée (jour) | K8: Date Fin (calculée) | L8: Avancement Tâche (en %) | M8: % Date d'avancement | N8: =IF(AND(DAY(N10)>=15-ROUNDDOWN(LEN(TEXT(N10,"mmmm aaa"))/2,2),DAY(N10)<15+ROUNDUP(LEN(TEXT(N10,"mmmm aaa"))/2,2)),MID(UPPER(TEXT(N10,"mmmm aaa")),DAY(N10)+1-(15-ROUNDDOWN(LEN(TEXT(N10,"mmmm aaa"))/2,2)),1),"") -> R | O8: =IF(AND(DAY(O10)>=15-ROUNDDOWN(LEN(TEXT(O10,"mmmm aaa"))/2,2),DAY(O10)<15+ROUNDUP(LEN(TEXT(O10,"mmmm aaa"))/2,2)),MID(UPPER(TEXT(O10,"mmmm aaa")),DAY(O10)+1-(15-ROUNDDOWN(LEN(TEXT(O10,"mmmm aaa"))/2,2)),1),"") -> E | P8: =IF(AND(DAY(P10)>=15-ROUNDDOWN(LEN(TEXT(P10,"mmmm aaa"))/2,2),DAY(P10)<15+ROUNDUP(LEN(TEXT(P10,"mmmm aaa"))/2,2)),MID(UPPER(TEXT(P10,"mmmm aaa")),DAY(P10)+1-(15-ROUNDDOWN(LEN(TEXT(P10,"mmmm aaa"))/2,2)),1),"") | Q8: =IF(AND(DAY(Q10)>=15-ROUNDDOWN(LEN(TEXT(Q10,"mmmm aaa"))/2,2),DAY(Q10)<15+ROUNDUP(LEN(TEXT(Q10,"mmmm aaa"))/2,2)),MID(UPPER(TEXT(Q10,"mmmm aaa")),DAY(Q10)+1-(15-ROUNDDOWN(LEN(TEXT(Q10,"mmmm aaa"))/2,2)),1),"") -> 2 | R8: =IF(AND(DAY(R10)>=15-ROUNDDOWN(LEN(TEXT(R10,"mmmm aaa"))/2,2),DAY(R10)<15+ROUNDUP(LEN(TEXT(R10,"mmmm aaa"))/2,2)),MID(UPPER(TEXT(R10,"mmmm aaa")),DAY(R10)+1-(15-ROUNDDOWN(LEN(TEXT(R10,"mmmm aaa"))/2,2)),1),"") -> 0 | S8: =IF(AND(DAY(S10)>=15-ROUNDDOWN(LEN(TEXT(S10,"mmmm aaa"))/2,2),DAY(S10)<15+ROUNDUP(LEN(TEXT(S10,"mmmm aaa"))/2,2)),MID(UPPER(TEXT(S10,"mmmm aaa")),DAY(S10)+1-(15-ROUNDDOWN(LEN(TEXT(S10,"mmmm aaa"))/2,2)),1),"") -> 2 | T8: =IF(AND(DAY(T10)>=15-ROUNDDOWN(LEN(TEXT(T10,"mmmm aaa"))/2,2),DAY(T10)<15+ROUNDUP(LEN(TEXT(T10,"mmmm aaa"))/2,2)),MID(UPPER(TEXT(T10,"mmmm aaa")),DAY(T10)+1-(15-ROUNDDOWN(LEN(TEXT(T10,"mmmm aaa"))/2,2)),1),"") -> 5 | U8: =IF(AND(DAY(U10)>=15-ROUNDDOWN(LEN(TEXT(U10,"mmmm aaa"))/2,2),DAY(U10)<15+ROUNDUP(LEN(TEXT(U10,"mmmm aaa"))/2,2)),MID(UPPER(TEXT(U10,"mmmm aaa")),DAY(U10)+1-(15-ROUNDDOWN(LEN(TEXT(U10,"mmmm aaa"))/2,2)),1),"") | ... PR8: =IF(AND(DAY(PR10)>=15-ROUNDDOWN(LEN(TEXT(PR10,"mmmm aaa"))/2,2),DAY(PR10)<15+ROUNDUP(LEN(TEXT(PR10,"mmmm aaa"))/2,2)),MID(UPPER(TEXT(PR10,"mmmm aaa")),DAY(PR10)+1-(15-ROUNDDOWN(LEN(TEXT(PR10,"mmmm aaa"))/2,2)),1),"") -> N
N9: =IF(WEEKDAY(N10)=5,IF(ISERROR(_xlfn.ISOWEEKNUM(N10)),WEEKNUM(N10,2),_xlfn.ISOWEEKNUM(N10)),"") | O9: =IF(WEEKDAY(O10)=5,IF(ISERROR(_xlfn.ISOWEEKNUM(O10)),WEEKNUM(O10,2),_xlfn.ISOWEEKNUM(O10)),"") | P9: =IF(WEEKDAY(P10)=5,IF(ISERROR(_xlfn.ISOWEEKNUM(P10)),WEEKNUM(P10,2),_xlfn.ISOWEEKNUM(P10)),"") | Q9: =IF(WEEKDAY(Q10)=5,IF(ISERROR(_xlfn.ISOWEEKNUM(Q10)),WEEKNUM(Q10,2),_xlfn.ISOWEEKNUM(Q10)),"") -> 38 | R9: =IF(WEEKDAY(R10)=5,IF(ISERROR(_xlfn.ISOWEEKNUM(R10)),WEEKNUM(R10,2),_xlfn.ISOWEEKNUM(R10)),"") | S9: =IF(WEEKDAY(S10)=5,IF(ISERROR(_xlfn.ISOWEEKNUM(S10)),WEEKNUM(S10,2),_xlfn.ISOWEEKNUM(S10)),"") | T9: =IF(WEEKDAY(T10)=5,IF(ISERROR(_xlfn.ISOWEEKNUM(T10)),WEEKNUM(T10,2),_xlfn.ISOWEEKNUM(T10)),"") | U9: =IF(WEEKDAY(U10)=5,IF(ISERROR(_xlfn.ISOWEEKNUM(U10)),WEEKNUM(U10,2),_xlfn.ISOWEEKNUM(U10)),"") | ... PR9: =IF(WEEKDAY(PR10)=5,IF(ISERROR(_xlfn.ISOWEEKNUM(PR10)),WEEKNUM(PR10,2),_xlfn.ISOWEEKNUM(PR10)),"")
N10: =$E$3-WEEKDAY(DateDebutProjet,3)+(week-1)*7 -> 45915 | O10: =N10+1 -> 45916 | P10: =O10+1 -> 45917 | Q10: =P10+1 -> 45918 | R10: =Q10+1 -> 45919 | S10: =R10+1 -> 45920 | T10: =S10+1 -> 45921 | U10: =T10+1 -> 45922 | V10: =U10+1 -> 45923 | ... PR10: =PQ10+1 -> 46335
A11: T | B11: 1 | C11: P, R | D11: Phase 1 | I11: =IF(MIN(I12:I21)>0,MIN(I12:I21),"") | J11: =NETWORKDAYS.INTL(I11,K11,1,parametre!C5:C18) -> #VALUE! | K11: =IF(MAX(K12:K21)>0,MAX(K12:K21),"") | L11: =AVERAGE(L13,L15,L17,L19,L21) -> 0 | M11: =I11+L11*(K11-I11) -> #VALUE!
A12: T | B12: 1.1 | C12: P | K12: =WORKDAY.INTL(I12,J12,1,parametre!C$2:C$18) -> 0 | L12: 0 | M12: =I12+L12*(K12-I12) -> 0
A13: T | B13: 1.1 | C13: R | K13: =WORKDAY.INTL(I13,J13,1,parametre!C$2:C$18) -> 0 | L13: 0 | M13: =I13+L13*(K13-I13) -> 0
A14: T | B14: 1.2 | C14: P | K14: =WORKDAY.INTL(I14,J14,1,parametre!C$2:C$18) -> 0 | L14: 0 | M14: =I14+L14*(K14-I14) -> 0
A15: T | B15: 1.2 | C15: R | K15: =WORKDAY.INTL(I15,J15,1,parametre!C$2:C$18) -> 0 | L15: 0 | M15: =I15+L15*(K15-I15) -> 0
A16: T | B16: 1.3 | C16: P | K16: =WORKDAY.INTL(I16,J16,1,parametre!C$2:C$18) -> 0 | L16: 0 | M16: =I16+L16*(K16-I16) -> 0
A17: T | B17: 1.3 | C17: R | K17: =WORKDAY.INTL(I17,J17,1,parametre!C$2:C$18) -> 0 | L17: 0 | M17: =I17+L17*(K17-I17) -> 0
A18: T | B18: 1.4 | C18: P | K18: =WORKDAY.INTL(I18,J18,1,parametre!C$2:C$18) -> 0 | L18: 0 | M18: =I18+L18*(K18-I18) -> 0
A19: T | B19: 1.4 | C19: R | K19: =WORKDAY.INTL(I19,J19,1,parametre!C$2:C$18) -> 0 | L19: 0 | M19: =I19+L19*(K19-I19) -> 0
A20: T | B20: 1.5 | C20: P | K20: =WORKDAY.INTL(I20,J20,1,parametre!C$2:C$18) -> 0 | L20: 0 | M20: =I20+L20*(K20-I20) -> 0
A21: T | B21: 1.5 | C21: R | K21: =WORKDAY.INTL(I21,J21,1,parametre!C$2:C$18) -> 0 | L21: 0 | M21: =I21+L21*(K21-I21) -> 0
A22: T | B22: 2 | C22: P, R | D22: Phase 2 | I22: =IF(MIN(I23:I28)>0,MIN(I23:I28),"") | J22: =NETWORKDAYS.INTL(I22,K22,1,parametre!C5:C18) -> #VALUE! | K22: =IF(MAX(K23:K28)>0,MAX(K23:K28),"") | L22: =AVERAGE(L24,L26,L28) -> 0 | M22: =I22+L22*(K22-I22) -> #VALUE!
A23: T | B23: 2.1 | C23: P | K23: =WORKDAY.INTL(I23,J23,1,parametre!C$2:C$18) -> 0 | L23: 0 | M23: =I23+L23*(K23-I23) -> 0
A24: T | B24: 2.1 | C24: R | K24: =WORKDAY.INTL(I24,J24,1,parametre!C$2:C$18) -> 0 | L24: 0 | M24: =I24+L24*(K24-I24) -> 0
A25: T | B25: 2.2 | C25: P | K25: =WORKDAY.INTL(I25,J25,1,parametre!C$2:C$18) -> 0 | L25: 0 | M25: =I25+L25*(K25-I25) -> 0
A26: T | B26: 2.2 | C26: R | K26: =WORKDAY.INTL(I26,J26,1,parametre!C$2:C$18) -> 0 | L26: 0 | M26: =I26+L26*(K26-I26) -> 0
A27: T | B27: 2.3 | C27: P | K27: =WORKDAY.INTL(I27,J27,1,parametre!C$2:C$18) -> 0 | L27: 0 | M27: =I27+L27*(K27-I27) -> 0
A28: T | B28: 2.3 | C28: R | K28: =WORKDAY.INTL(I28,J28,1,parametre!C$2:C$18) -> 0 | L28: 0 | M28: =I28+L28*(K28-I28) -> 0
A29: T | B29: 3 | C29: P, R | D29: Phase 3 | I29: =IF(MIN(I30:I35)>0,MIN(I30:I35),"") | J29: =NETWORKDAYS.INTL(I29,K29,1,parametre!C5:C18) -> #VALUE! | K29: =IF(MAX(K30:K35)>0,MAX(K30:K35),"") | L29: =AVERAGE(L31,L33,L35) -> 0 | M29: =I29+L29*(K29-I29) -> #VALUE!
A30: T | B30: 3.1 | C30: P | K30: =WORKDAY.INTL(I30,J30,1,parametre!C$2:C$18) -> 0 | L30: 0 | M30: =I30+L30*(K30-I30) -> 0
A31: T | B31: 3.1 | C31: R | K31: =WORKDAY.INTL(I31,J31,1,parametre!C$2:C$18) -> 0 | L31: 0 | M31: =I31+L31*(K31-I31) -> 0
A32: T | B32: 3.2 | C32: P | K32: =WORKDAY.INTL(I32,J32,1,parametre!C$2:C$18) -> 0 | L32: 0 | M32: =I32+L32*(K32-I32) -> 0
A33: T | B33: 3.2 | C33: R | K33: =WORKDAY.INTL(I33,J33,1,parametre!C$2:C$18) -> 0 | L33: 0 | M33: =I33+L33*(K33-I33) -> 0
A34: T | B34: 3.3 | C34: P | K34: =WORKDAY.INTL(I34,J34,1,parametre!C$2:C$18) -> 0 | L34: 0 | M34: =I34+L34*(K34-I34) -> 0
A35: T | B35: 3.3 | C35: R | K35: =WORKDAY.INTL(I35,J35,1,parametre!C$2:C$18) -> 0 | L35: 0 | M35: =I35+L35*(K35-I35) -> 0

Sheet parametre
A1: Statut | C1: jours fériés + CP
A2: En cours | C2: 45962
A3: Terminée | C3: 45972
A4: Bloquée | C4: 46118
A5: Non démarrée | C5: 46143
C6: 46150
C7: 46156
C8: 46157
C9: 46167
